 {
	"pages": [{
		"path": "pages/login/login",
		"style": {
			"navigationBarBackgroundColor": "#990033",
			"navigationBarTextStyle": "white",
			"navigationBarTitleText": "登录"
		}
	}, {
		"path": "pages/register/register",
		"style": {
			"navigationBarBackgroundColor": "#990033",
			"navigationBarTextStyle": "white",
			"navigationBarTitleText": "注册"
		}
	}, {
		"path": "pages/forget/forget",
		"style": {
			"navigationBarBackgroundColor": "#990033",
			"navigationBarTextStyle": "white",
			"navigationBarTitleText": "忘记密码"
		}
	}, {
		"path": "pages/center/center",
		"style": {
			"navigationBarBackgroundColor": "#990033",
			"navigationBarTextStyle": "white",
			"navigationBarTitleText": "我的"
		}
	}, {
		"path": "pages/user-info/user-info",
		"style": {
			"navigationBarBackgroundColor": "#990033",
			"navigationBarTextStyle": "white",
			"navigationBarTitleText": "用户信息"
		}
	}
	, {
		"path": "pages/address/detail",
		"style": {
			"navigationBarBackgroundColor": "#990033",
			"navigationBarTextStyle": "white",
			"navigationBarTitleText": "地址1"
		}
	}
	, {
		"path": "pages/address/list",
		"style": {
			"navigationBarBackgroundColor": "#990033",
			"navigationBarTextStyle": "white",
			"navigationBarTitleText": "我的地址"
		}
	}
	, {
		"path": "pages/shop-recharge/recharge",
		"style": {
			"navigationBarBackgroundColor": "#990033",
			"navigationBarTextStyle": "white",
			"navigationBarTitleText": "充值"
		}
	}
			,{
		"path": "pages/yonghu/list",
		"style": {
			"navigationBarBackgroundColor": "#990033",
			"navigationBarTextStyle": "white"
		}
	},{
		"path": "pages/yonghu/add-or-update",
		"style": {
			"navigationBarBackgroundColor": "#990033",
			"navigationBarTextStyle": "white"
		}
	},{
		"path": "pages/yonghu/detail",
		"style": {
			"navigationBarBackgroundColor": "#990033",
			"navigationBarTextStyle": "white"
		}
	}
				,{
		"path": "pages/goods/list",
		"style": {
			"navigationBarBackgroundColor": "#990033",
			"navigationBarTextStyle": "white"
		}
	},{
		"path": "pages/goods/add-or-update",
		"style": {
			"navigationBarBackgroundColor": "#990033",
			"navigationBarTextStyle": "white"
		}
	},{
		"path": "pages/goods/detail",
		"style": {
			"navigationBarBackgroundColor": "#990033",
			"navigationBarTextStyle": "white"
		}
	}
	,{
		"path": "pages/news/list",
		"style": {
			"navigationBarBackgroundColor": "#990033",
			"navigationBarTextStyle": "white"
		}
	},{
		"path": "pages/news/add-or-update",
		"style": {
			"navigationBarBackgroundColor": "#990033",
			"navigationBarTextStyle": "white"
		}
	},{
		"path": "pages/news/detail",
		"style": {
			"navigationBarBackgroundColor": "#990033",
			"navigationBarTextStyle": "white"
		}
	}
	
				,{
		"path": "pages/goodsLiuyan/list",
		"style": {
			"navigationBarBackgroundColor": "#990033",
			"navigationBarTextStyle": "white"
		}
	},{
		"path": "pages/goodsLiuyan/add-or-update",
		"style": {
			"navigationBarBackgroundColor": "#990033",
			"navigationBarTextStyle": "white"
		}
	},{
		"path": "pages/goodsLiuyan/detail",
		"style": {
			"navigationBarBackgroundColor": "#990033",
			"navigationBarTextStyle": "white"
		}
	}, {
		"path": "pages/shop-order/shop-order",
		"style": {
			"navigationBarTitleText": "我的订单"
		}
	}, {
		"path": "pages/shop-order-confirm/shop-order-confirm",
		"style": {
			"navigationBarTitleText": "订单确认"
		}
	}
	, {
		"path": "pages/forum-index/forum-index",
		"style": {
			"navigationBarBackgroundColor": "#990033",
			"navigationBarTextStyle": "white",
			"navigationBarTitleText": "首页"
		}
	}, {
		"path": "pages/forum-detail/forum-detail",
		"style": {
			"navigationBarBackgroundColor": "#990033",
			"navigationBarTextStyle": "white",
			"navigationBarTitleText": "论坛发帖详情"
		}
	}, {
		"path": "pages/forum-reply/forum-reply",
		"style": {
			"navigationBarBackgroundColor": "#990033",
			"navigationBarTextStyle": "white",
			"navigationBarTitleText": "回复评论"
		}
	}, {
		"path": "pages/forum-list/list",
		"style": {
			"navigationBarBackgroundColor": "#990033",
			"navigationBarTextStyle": "white",
			"navigationBarTitleText": "我的发布"
		}
	}, {
		"path": "pages/forum-my/forum-my",
		"style": {
			"navigationBarBackgroundColor": "#990033",
			"navigationBarTextStyle": "white",
			"navigationBarTitleText": "我的发布"
		}
	}, {
		"path": "pages/forum-add-or-update/forum-add-or-update",
		"style": {
			"navigationBarBackgroundColor": "#990033",
			"navigationBarTextStyle": "white",
			"navigationBarTitleText": "我的发布"
		}
	}
			, {
		"path": "pages/index/index",
		"style": {
			"navigationBarBackgroundColor": "#990033",
			"navigationBarTextStyle": "white",
			"navigationBarTitleText": "首页"
		}
	}
	],
	"globalStyle": {
		"navigationBarTextStyle": "black",
		"navigationBarTitleText": "社区二手物品交易小程序物品交易小程序",
		"navigationBarBackgroundColor": "#F8F8F8",
		"backgroundColor": "#F8F8F8"
	},
	"tabBar": {
		"color": "#FFFFFF",
		"selectedColor": "#FFEA00",
		"borderStyle": "black",
		"backgroundColor": "#990033",
		"list": [{
				"pagePath": "pages/index/index",
				"iconPath": "static/tabs/index.png",
				"selectedIconPath": "static/tabs/index1.png",
				"text": "首页"
			}
			,{
				"pagePath": "pages/goods/list",
				"iconPath": "/static/tabs/icon1.png",
				"selectedIconPath": "/static/tabs/icon1_act.png",
				"text": "商品信息"
			}
			,{
			 	"pagePath": "pages/forum-index/forum-index",
				"iconPath": "static/tabs/type.png",
			 	"selectedIconPath": "static/tabs/type1.png",
				"text": "论坛"
			}
			,{
				"pagePath": "pages/center/center",
				"iconPath": "static/tabs/mine.png",
				"selectedIconPath": "static/tabs/mine1.png",
				"text": "我的"
			}
		]
	}
}
